{
  "bm25": {
    "hit_at_1": 0.0725,
    "hit_at_3": 0.1325,
    "hit_at_5": 0.1525,
    "hit_at_10": 0.195,
    "mrr": 0.10931150793650794,
    "recall_at_5": 0.05841666666666666,
    "ndcg_at_5": 0.0613408925395869
  },
  "hybrid_rrf": {
    "hit_at_1": 0.125,
    "hit_at_3": 0.525,
    "hit_at_5": 0.655,
    "hit_at_10": 0.8,
    "mrr": 0.374165206321456,
    "recall_at_5": 0.21075000000000033,
    "ndcg_at_5": 0.20501194864830746
  },
  "cross_encoder": {
    "hit_at_1": 0.64,
    "hit_at_3": 0.7575,
    "hit_at_5": 0.82,
    "hit_at_10": 0.82,
    "mrr": 0.7029583333333334,
    "recall_at_5": 0.3847083333333334,
    "ndcg_at_5": 0.4534710027278697
  }
}