{
  "bm25": {
    "hit_at_1": 0.0045871559633027525,
    "hit_at_3": 0.03211009174311927,
    "hit_at_5": 0.07339449541284404,
    "hit_at_10": 0.08256880733944955,
    "mrr": 0.025802752293577983,
    "recall_at_5": 0.022062035823503717,
    "ndcg_at_5": 0.018601999090579687
  },
  "hybrid_rrf": {
    "hit_at_1": 0.08256880733944955,
    "hit_at_3": 0.7660550458715596,
    "hit_at_5": 0.8853211009174312,
    "hit_at_10": 0.9357798165137615,
    "mrr": 0.46125036405999714,
    "recall_at_5": 0.27418086500655325,
    "ndcg_at_5": 0.2720856775027434
  },
  "cross_encoder": {
    "hit_at_1": 0.8211009174311926,
    "hit_at_3": 0.8944954128440367,
    "hit_at_5": 0.963302752293578,
    "hit_at_10": 0.963302752293578,
    "mrr": 0.8644495412844037,
    "recall_at_5": 0.5086063783311494,
    "ndcg_at_5": 0.6254408501397833
  }
}