{
  "bm25": {
    "hit_at_1": 0.0725,
    "hit_at_3": 0.1325,
    "hit_at_5": 0.1525,
    "hit_at_10": 0.195,
    "mrr": 0.10931150793650794,
    "recall_at_5": 0.05841666666666666,
    "ndcg_at_5": 0.0613408925395869
  },
  "hybrid_rrf": {
    "hit_at_1": 0.11,
    "hit_at_3": 0.51,
    "hit_at_5": 0.655,
    "hit_at_10": 0.8175,
    "mrr": 0.3633075396825394,
    "recall_at_5": 0.2075416666666669,
    "ndcg_at_5": 0.199701616283986
  }
}